--
-- PostgreSQL database dump
--

-- Dumped from database version 14.7 (Homebrew)
-- Dumped by pg_dump version 14.7 (Homebrew)

SET statement_timeout = 0;
SET lock_timeout = 0;
SET idle_in_transaction_session_timeout = 0;
SET client_encoding = 'UTF8';
SET standard_conforming_strings = on;
SELECT pg_catalog.set_config('search_path', '', false);
SET check_function_bodies = false;
SET xmloption = content;
SET client_min_messages = warning;
SET row_security = off;

SET default_tablespace = '';

SET default_table_access_method = heap;

--
-- Name: AspNetRoleClaims; Type: TABLE; Schema: public; Owner: postgres
--

CREATE TABLE public."AspNetRoleClaims" (
    "Id" integer NOT NULL,
    "RoleId" text NOT NULL,
    "ClaimType" text,
    "ClaimValue" text
);


ALTER TABLE public."AspNetRoleClaims" OWNER TO postgres;

--
-- Name: AspNetRoleClaims_Id_seq; Type: SEQUENCE; Schema: public; Owner: postgres
--

ALTER TABLE public."AspNetRoleClaims" ALTER COLUMN "Id" ADD GENERATED BY DEFAULT AS IDENTITY (
    SEQUENCE NAME public."AspNetRoleClaims_Id_seq"
    START WITH 1
    INCREMENT BY 1
    NO MINVALUE
    NO MAXVALUE
    CACHE 1
);


--
-- Name: AspNetRoles; Type: TABLE; Schema: public; Owner: postgres
--

CREATE TABLE public."AspNetRoles" (
    "Id" text NOT NULL,
    "Name" character varying(256),
    "NormalizedName" character varying(256),
    "ConcurrencyStamp" text
);


ALTER TABLE public."AspNetRoles" OWNER TO postgres;

--
-- Name: AspNetUserClaims; Type: TABLE; Schema: public; Owner: postgres
--

CREATE TABLE public."AspNetUserClaims" (
    "Id" integer NOT NULL,
    "UserId" text NOT NULL,
    "ClaimType" text,
    "ClaimValue" text
);


ALTER TABLE public."AspNetUserClaims" OWNER TO postgres;

--
-- Name: AspNetUserClaims_Id_seq; Type: SEQUENCE; Schema: public; Owner: postgres
--

ALTER TABLE public."AspNetUserClaims" ALTER COLUMN "Id" ADD GENERATED BY DEFAULT AS IDENTITY (
    SEQUENCE NAME public."AspNetUserClaims_Id_seq"
    START WITH 1
    INCREMENT BY 1
    NO MINVALUE
    NO MAXVALUE
    CACHE 1
);


--
-- Name: AspNetUserLogins; Type: TABLE; Schema: public; Owner: postgres
--

CREATE TABLE public."AspNetUserLogins" (
    "LoginProvider" text NOT NULL,
    "ProviderKey" text NOT NULL,
    "ProviderDisplayName" text,
    "UserId" text NOT NULL
);


ALTER TABLE public."AspNetUserLogins" OWNER TO postgres;

--
-- Name: AspNetUserRoles; Type: TABLE; Schema: public; Owner: postgres
--

CREATE TABLE public."AspNetUserRoles" (
    "UserId" text NOT NULL,
    "RoleId" text NOT NULL
);


ALTER TABLE public."AspNetUserRoles" OWNER TO postgres;

--
-- Name: AspNetUserTokens; Type: TABLE; Schema: public; Owner: postgres
--

CREATE TABLE public."AspNetUserTokens" (
    "UserId" text NOT NULL,
    "LoginProvider" text NOT NULL,
    "Name" text NOT NULL,
    "Value" text
);


ALTER TABLE public."AspNetUserTokens" OWNER TO postgres;

--
-- Name: AspNetUsers; Type: TABLE; Schema: public; Owner: postgres
--

CREATE TABLE public."AspNetUsers" (
    "AccessFailedCount" integer NOT NULL,
    "UserName" character varying(256),
    "Email" character varying(256),
    "Id" text DEFAULT ''::text NOT NULL,
    "ConcurrencyStamp" text,
    "EmailConfirmed" boolean DEFAULT false NOT NULL,
    "LockoutEnabled" boolean DEFAULT false NOT NULL,
    "LockoutEnd" timestamp with time zone,
    "NormalizedEmail" character varying(256),
    "NormalizedUserName" character varying(256),
    "PasswordHash" text,
    "PhoneNumber" text,
    "PhoneNumberConfirmed" boolean DEFAULT false NOT NULL,
    "SecurityStamp" text,
    "TwoFactorEnabled" boolean DEFAULT false NOT NULL
);


ALTER TABLE public."AspNetUsers" OWNER TO postgres;

--
-- Name: Categories; Type: TABLE; Schema: public; Owner: postgres
--

CREATE TABLE public."Categories" (
    "CategoryId" integer NOT NULL,
    "Title" character varying(50) NOT NULL,
    "Icon" character varying(5) DEFAULT ''::character varying NOT NULL,
    "Type" character varying(10) DEFAULT ''::character varying NOT NULL,
    "UserId" text DEFAULT ''::text NOT NULL
);


ALTER TABLE public."Categories" OWNER TO postgres;

--
-- Name: Categories_CategoryId_seq; Type: SEQUENCE; Schema: public; Owner: postgres
--

ALTER TABLE public."Categories" ALTER COLUMN "CategoryId" ADD GENERATED BY DEFAULT AS IDENTITY (
    SEQUENCE NAME public."Categories_CategoryId_seq"
    START WITH 1
    INCREMENT BY 1
    NO MINVALUE
    NO MAXVALUE
    CACHE 1
);


--
-- Name: Transactions; Type: TABLE; Schema: public; Owner: postgres
--

CREATE TABLE public."Transactions" (
    "TransactionId" integer NOT NULL,
    "UserId" text NOT NULL,
    "CategoryId" integer NOT NULL,
    "Amount" integer,
    "Note" character varying(75),
    "Date" timestamp with time zone NOT NULL
);


ALTER TABLE public."Transactions" OWNER TO postgres;

--
-- Name: Transactions_TransactionId_seq; Type: SEQUENCE; Schema: public; Owner: postgres
--

ALTER TABLE public."Transactions" ALTER COLUMN "TransactionId" ADD GENERATED BY DEFAULT AS IDENTITY (
    SEQUENCE NAME public."Transactions_TransactionId_seq"
    START WITH 1
    INCREMENT BY 1
    NO MINVALUE
    NO MAXVALUE
    CACHE 1
);


--
-- Name: __EFMigrationsHistory; Type: TABLE; Schema: public; Owner: postgres
--

CREATE TABLE public."__EFMigrationsHistory" (
    "MigrationId" character varying(150) NOT NULL,
    "ProductVersion" character varying(32) NOT NULL
);


ALTER TABLE public."__EFMigrationsHistory" OWNER TO postgres;

--
-- Data for Name: AspNetRoleClaims; Type: TABLE DATA; Schema: public; Owner: postgres
--

COPY public."AspNetRoleClaims" ("Id", "RoleId", "ClaimType", "ClaimValue") FROM stdin;
\.


--
-- Data for Name: AspNetRoles; Type: TABLE DATA; Schema: public; Owner: postgres
--

COPY public."AspNetRoles" ("Id", "Name", "NormalizedName", "ConcurrencyStamp") FROM stdin;
\.


--
-- Data for Name: AspNetUserClaims; Type: TABLE DATA; Schema: public; Owner: postgres
--

COPY public."AspNetUserClaims" ("Id", "UserId", "ClaimType", "ClaimValue") FROM stdin;
\.


--
-- Data for Name: AspNetUserLogins; Type: TABLE DATA; Schema: public; Owner: postgres
--

COPY public."AspNetUserLogins" ("LoginProvider", "ProviderKey", "ProviderDisplayName", "UserId") FROM stdin;
\.


--
-- Data for Name: AspNetUserRoles; Type: TABLE DATA; Schema: public; Owner: postgres
--

COPY public."AspNetUserRoles" ("UserId", "RoleId") FROM stdin;
\.


--
-- Data for Name: AspNetUserTokens; Type: TABLE DATA; Schema: public; Owner: postgres
--

COPY public."AspNetUserTokens" ("UserId", "LoginProvider", "Name", "Value") FROM stdin;
\.


--
-- Data for Name: AspNetUsers; Type: TABLE DATA; Schema: public; Owner: postgres
--

COPY public."AspNetUsers" ("AccessFailedCount", "UserName", "Email", "Id", "ConcurrencyStamp", "EmailConfirmed", "LockoutEnabled", "LockoutEnd", "NormalizedEmail", "NormalizedUserName", "PasswordHash", "PhoneNumber", "PhoneNumberConfirmed", "SecurityStamp", "TwoFactorEnabled") FROM stdin;
0	keyuye970815@gmail.com	keyuye970815@gmail.com	3fd53de4-0510-4199-b0eb-4af6e9f8b70c	6f6db6b9-69d3-4718-b4ab-16e47f0d6219	f	t	\N	KEYUYE970815@GMAIL.COM	KEYUYE970815@GMAIL.COM	AQAAAAEAACcQAAAAECq8ag7jPFPrKNsIrINoQm9Edpbn0cuh7rciVmwTPdbvv1Sn+8/9Cv3zkSfqSB3G2Q==	\N	f	KJ7V4P3NUDR4FEAVJEYF3VFKRTSVCY7S	f
0	lixiaokun@gmail.com	lixiaokun@gmail.com	9374b008-0ec3-4cb3-a49a-2b93700c499d	6f95eaae-d255-4662-aa72-5883e2d710c6	f	t	\N	LIXIAOKUN@GMAIL.COM	LIXIAOKUN@GMAIL.COM	AQAAAAEAACcQAAAAEOsM/S89a/5l8n4XxOrKP9d0CPOAFsZaTNRV6uOC0p3BaEN/51tkjUBUC99XYnoL1g==	\N	f	I52OEXKVTGZSPI2KAY4DPUE6LO3HQ7DL	f
0	harry@potter.com	harry@potter.com	a7dc62ba-a412-41d6-b821-739311dc583d	d753b1ae-f903-49fe-9092-8b4d885d550d	f	t	\N	HARRY@POTTER.COM	HARRY@POTTER.COM	AQAAAAEAACcQAAAAEDsh/hXDlQzVkPYx5ov77NE7Tf+9i+LMndk2xWcvFK1s2FqJp3YNxxfFAr3LI9h33A==	\N	f	4E4PKNQ7IG2YSSSQFBT7BZP37EFLGED4	f
0	harminy@granger.com	harminy@granger.com	8e4507a0-ed71-46ef-919a-c8d3ebb2ea8c	63fa6033-0f97-48a0-a8c7-47bafae06795	f	t	\N	HARMINY@GRANGER.COM	HARMINY@GRANGER.COM	AQAAAAEAACcQAAAAEKQDk2/xJORYYSkNAJSzd/ePVC04kmtA3tvmKzymV36TskN7yFREYVjOdP6lr/3E4Q==	\N	f	QZODFIJFGADWYTSS6E5CIAVRZ3SEHYFY	f
0	ron@weasley.com	ron@weasley.com	317b3133-cee0-4b62-ace4-be78d432f81c	a4e2f7a0-ee0b-4bf0-b439-a4941af3a6b0	f	t	\N	RON@WEASLEY.COM	RON@WEASLEY.COM	AQAAAAEAACcQAAAAEG6gmyvv1BV/XjiDN5CoewceOUyCHB/ytwnQwrJu4PRNRKdOswbMrtfdE9sqGdk3uQ==	\N	f	L2Q2NZH5CWGM4GUMZUZ67MHUYLZ4OHSR	f
0	li@xiaokun.com	li@xiaokun.com	ae735f92-01da-46b1-a74b-59242115ddf4	792c123a-14d2-4744-a5a8-0fcc2a7017ab	f	t	\N	LI@XIAOKUN.COM	LI@XIAOKUN.COM	AQAAAAEAACcQAAAAEDYgyOYqIPgmVlsictKS2LKgWEFM2BgpGncZh7BIwCXn3Ypv2E5jRCEdamQ++Luu1g==	\N	f	JZLTZO3BROE3DQFQFANEFA3UVP7R4D2C	f
0	xiaokun@li.com	xiaokun@li.com	9cb492b6-c2d6-40fa-9747-e8dcb8d26628	065fcd65-891d-4e4d-ba35-3a25cbb16428	f	t	\N	XIAOKUN@LI.COM	XIAOKUN@LI.COM	AQAAAAEAACcQAAAAECHML+P1glmraZbPhwn3deiu5LN3iC2WkGzhIczXgxB9ptDQqQxib9pfg+EXkMBP9A==	\N	f	ZZSHZBCCWRL6XF5GZKAUNBEALXPBZ2R7	f
0	xiaokunli	lixiaokun@keyu.com	febc2769-1a33-4bd5-96d8-3451b9b3f044	93f8d946-c95a-471f-9bb6-67c16432a0be	f	t	\N	LIXIAOKUN@KEYU.COM	XIAOKUNLI	AQAAAAEAACcQAAAAEE9hqAF9a4FDmQQlEYqiK6Io3a55e5u3DVNw1FSegOHKWLndbPp8QSZ+OzaROpNz+Q==	\N	f	ELUZKDHR6ICWEKNT3HKWIAGEPYY3QLPG	f
0	keyuye	keyu@xiaokun.com	a7f307f5-de3a-45da-b18d-394297c4e1d1	e9b569e9-4ab0-48b3-8ab5-726a0ce883c4	f	t	\N	KEYU@XIAOKUN.COM	KEYUYE	AQAAAAEAACcQAAAAED961W/3qA/L9YPUSQvlgvrr91i9ZaSI8NqQ+7MyGjtuILN4v40hWX/wQ7eioq2n4w==	\N	f	QG5UB3YNCTGNKIQPC23BMVI2SDVT6J5T	f
\.


--
-- Data for Name: Categories; Type: TABLE DATA; Schema: public; Owner: postgres
--

COPY public."Categories" ("CategoryId", "Title", "Icon", "Type", "UserId") FROM stdin;
2	Salary	🧑🏻‍💻	Income	3fd53de4-0510-4199-b0eb-4af6e9f8b70c
1	Open Balance	🔑	Income	3fd53de4-0510-4199-b0eb-4af6e9f8b70c
3	Open Balance	🔑	Income	9374b008-0ec3-4cb3-a49a-2b93700c499d
4	Eat Out	🍔	Expense	3fd53de4-0510-4199-b0eb-4af6e9f8b70c
5	Open Balance	🔑	Expense	317b3133-cee0-4b62-ace4-be78d432f81c
6	Utility	🔌	Expense	3fd53de4-0510-4199-b0eb-4af6e9f8b70c
7	Eat out	🍔	Expense	9374b008-0ec3-4cb3-a49a-2b93700c499d
8	Travel	✈️	Expense	9374b008-0ec3-4cb3-a49a-2b93700c499d
9	Utility	🔌	Expense	9374b008-0ec3-4cb3-a49a-2b93700c499d
10	Clothes	👕	Expense	9374b008-0ec3-4cb3-a49a-2b93700c499d
11	Shoes	👟	Expense	9374b008-0ec3-4cb3-a49a-2b93700c499d
12	Salary	🧑🏻‍💻	Income	9374b008-0ec3-4cb3-a49a-2b93700c499d
\.


--
-- Data for Name: Transactions; Type: TABLE DATA; Schema: public; Owner: postgres
--

COPY public."Transactions" ("TransactionId", "UserId", "CategoryId", "Amount", "Note", "Date") FROM stdin;
1	3fd53de4-0510-4199-b0eb-4af6e9f8b70c	2	1000000	Balance	2023-07-09 00:00:00-04
2	3fd53de4-0510-4199-b0eb-4af6e9f8b70c	4	200	Cheese Cake Factory	2023-07-09 00:00:00-04
3	3fd53de4-0510-4199-b0eb-4af6e9f8b70c	6	300	water, electricity	2023-07-09 00:00:00-04
4	9374b008-0ec3-4cb3-a49a-2b93700c499d	3	100000	Balance in bank	2023-07-12 00:00:00-04
5	9374b008-0ec3-4cb3-a49a-2b93700c499d	7	200	Cheese Cake fatory	2023-07-12 00:00:00-04
6	9374b008-0ec3-4cb3-a49a-2b93700c499d	8	2000	To New York	2023-07-12 00:00:00-04
7	9374b008-0ec3-4cb3-a49a-2b93700c499d	10	300	Amazon prime day	2023-07-16 00:00:00-04
8	9374b008-0ec3-4cb3-a49a-2b93700c499d	11	65	Converse all black	2023-07-16 00:00:00-04
9	9374b008-0ec3-4cb3-a49a-2b93700c499d	12	10000	Pay day	2023-07-16 00:00:00-04
10	9374b008-0ec3-4cb3-a49a-2b93700c499d	7	200	Cheese Cake factory	2023-07-24 00:00:00-04
11	9374b008-0ec3-4cb3-a49a-2b93700c499d	7	200	P.F. Chan	2023-08-30 00:00:00-04
\.


--
-- Data for Name: __EFMigrationsHistory; Type: TABLE DATA; Schema: public; Owner: postgres
--

COPY public."__EFMigrationsHistory" ("MigrationId", "ProductVersion") FROM stdin;
20230709020238_AddUserModel	6.0.16
20230709125512_addedIdentityUser	6.0.16
\.


--
-- Name: AspNetRoleClaims_Id_seq; Type: SEQUENCE SET; Schema: public; Owner: postgres
--

SELECT pg_catalog.setval('public."AspNetRoleClaims_Id_seq"', 1, false);


--
-- Name: AspNetUserClaims_Id_seq; Type: SEQUENCE SET; Schema: public; Owner: postgres
--

SELECT pg_catalog.setval('public."AspNetUserClaims_Id_seq"', 1, false);


--
-- Name: Categories_CategoryId_seq; Type: SEQUENCE SET; Schema: public; Owner: postgres
--

SELECT pg_catalog.setval('public."Categories_CategoryId_seq"', 12, true);


--
-- Name: Transactions_TransactionId_seq; Type: SEQUENCE SET; Schema: public; Owner: postgres
--

SELECT pg_catalog.setval('public."Transactions_TransactionId_seq"', 43, true);


--
-- Name: AspNetRoleClaims PK_AspNetRoleClaims; Type: CONSTRAINT; Schema: public; Owner: postgres
--

ALTER TABLE ONLY public."AspNetRoleClaims"
    ADD CONSTRAINT "PK_AspNetRoleClaims" PRIMARY KEY ("Id");


--
-- Name: AspNetRoles PK_AspNetRoles; Type: CONSTRAINT; Schema: public; Owner: postgres
--

ALTER TABLE ONLY public."AspNetRoles"
    ADD CONSTRAINT "PK_AspNetRoles" PRIMARY KEY ("Id");


--
-- Name: AspNetUserClaims PK_AspNetUserClaims; Type: CONSTRAINT; Schema: public; Owner: postgres
--

ALTER TABLE ONLY public."AspNetUserClaims"
    ADD CONSTRAINT "PK_AspNetUserClaims" PRIMARY KEY ("Id");


--
-- Name: AspNetUserLogins PK_AspNetUserLogins; Type: CONSTRAINT; Schema: public; Owner: postgres
--

ALTER TABLE ONLY public."AspNetUserLogins"
    ADD CONSTRAINT "PK_AspNetUserLogins" PRIMARY KEY ("LoginProvider", "ProviderKey");


--
-- Name: AspNetUserRoles PK_AspNetUserRoles; Type: CONSTRAINT; Schema: public; Owner: postgres
--

ALTER TABLE ONLY public."AspNetUserRoles"
    ADD CONSTRAINT "PK_AspNetUserRoles" PRIMARY KEY ("UserId", "RoleId");


--
-- Name: AspNetUserTokens PK_AspNetUserTokens; Type: CONSTRAINT; Schema: public; Owner: postgres
--

ALTER TABLE ONLY public."AspNetUserTokens"
    ADD CONSTRAINT "PK_AspNetUserTokens" PRIMARY KEY ("UserId", "LoginProvider", "Name");


--
-- Name: AspNetUsers PK_AspNetUsers; Type: CONSTRAINT; Schema: public; Owner: postgres
--

ALTER TABLE ONLY public."AspNetUsers"
    ADD CONSTRAINT "PK_AspNetUsers" PRIMARY KEY ("Id");


--
-- Name: Categories PK_Categories; Type: CONSTRAINT; Schema: public; Owner: postgres
--

ALTER TABLE ONLY public."Categories"
    ADD CONSTRAINT "PK_Categories" PRIMARY KEY ("CategoryId");


--
-- Name: Transactions PK_Transactions; Type: CONSTRAINT; Schema: public; Owner: postgres
--

ALTER TABLE ONLY public."Transactions"
    ADD CONSTRAINT "PK_Transactions" PRIMARY KEY ("TransactionId");


--
-- Name: __EFMigrationsHistory PK___EFMigrationsHistory; Type: CONSTRAINT; Schema: public; Owner: postgres
--

ALTER TABLE ONLY public."__EFMigrationsHistory"
    ADD CONSTRAINT "PK___EFMigrationsHistory" PRIMARY KEY ("MigrationId");


--
-- Name: EmailIndex; Type: INDEX; Schema: public; Owner: postgres
--

CREATE INDEX "EmailIndex" ON public."AspNetUsers" USING btree ("NormalizedEmail");


--
-- Name: IX_AspNetRoleClaims_RoleId; Type: INDEX; Schema: public; Owner: postgres
--

CREATE INDEX "IX_AspNetRoleClaims_RoleId" ON public."AspNetRoleClaims" USING btree ("RoleId");


--
-- Name: IX_AspNetUserClaims_UserId; Type: INDEX; Schema: public; Owner: postgres
--

CREATE INDEX "IX_AspNetUserClaims_UserId" ON public."AspNetUserClaims" USING btree ("UserId");


--
-- Name: IX_AspNetUserLogins_UserId; Type: INDEX; Schema: public; Owner: postgres
--

CREATE INDEX "IX_AspNetUserLogins_UserId" ON public."AspNetUserLogins" USING btree ("UserId");


--
-- Name: IX_AspNetUserRoles_RoleId; Type: INDEX; Schema: public; Owner: postgres
--

CREATE INDEX "IX_AspNetUserRoles_RoleId" ON public."AspNetUserRoles" USING btree ("RoleId");


--
-- Name: IX_Categories_UserId; Type: INDEX; Schema: public; Owner: postgres
--

CREATE INDEX "IX_Categories_UserId" ON public."Categories" USING btree ("UserId");


--
-- Name: IX_Transactions_CategoryId; Type: INDEX; Schema: public; Owner: postgres
--

CREATE INDEX "IX_Transactions_CategoryId" ON public."Transactions" USING btree ("CategoryId");


--
-- Name: IX_Transactions_UserId; Type: INDEX; Schema: public; Owner: postgres
--

CREATE INDEX "IX_Transactions_UserId" ON public."Transactions" USING btree ("UserId");


--
-- Name: RoleNameIndex; Type: INDEX; Schema: public; Owner: postgres
--

CREATE UNIQUE INDEX "RoleNameIndex" ON public."AspNetRoles" USING btree ("NormalizedName");


--
-- Name: UserNameIndex; Type: INDEX; Schema: public; Owner: postgres
--

CREATE UNIQUE INDEX "UserNameIndex" ON public."AspNetUsers" USING btree ("NormalizedUserName");


--
-- Name: AspNetRoleClaims FK_AspNetRoleClaims_AspNetRoles_RoleId; Type: FK CONSTRAINT; Schema: public; Owner: postgres
--

ALTER TABLE ONLY public."AspNetRoleClaims"
    ADD CONSTRAINT "FK_AspNetRoleClaims_AspNetRoles_RoleId" FOREIGN KEY ("RoleId") REFERENCES public."AspNetRoles"("Id") ON DELETE CASCADE;


--
-- Name: AspNetUserClaims FK_AspNetUserClaims_AspNetUsers_UserId; Type: FK CONSTRAINT; Schema: public; Owner: postgres
--

ALTER TABLE ONLY public."AspNetUserClaims"
    ADD CONSTRAINT "FK_AspNetUserClaims_AspNetUsers_UserId" FOREIGN KEY ("UserId") REFERENCES public."AspNetUsers"("Id") ON DELETE CASCADE;


--
-- Name: AspNetUserLogins FK_AspNetUserLogins_AspNetUsers_UserId; Type: FK CONSTRAINT; Schema: public; Owner: postgres
--

ALTER TABLE ONLY public."AspNetUserLogins"
    ADD CONSTRAINT "FK_AspNetUserLogins_AspNetUsers_UserId" FOREIGN KEY ("UserId") REFERENCES public."AspNetUsers"("Id") ON DELETE CASCADE;


--
-- Name: AspNetUserRoles FK_AspNetUserRoles_AspNetRoles_RoleId; Type: FK CONSTRAINT; Schema: public; Owner: postgres
--

ALTER TABLE ONLY public."AspNetUserRoles"
    ADD CONSTRAINT "FK_AspNetUserRoles_AspNetRoles_RoleId" FOREIGN KEY ("RoleId") REFERENCES public."AspNetRoles"("Id") ON DELETE CASCADE;


--
-- Name: AspNetUserRoles FK_AspNetUserRoles_AspNetUsers_UserId; Type: FK CONSTRAINT; Schema: public; Owner: postgres
--

ALTER TABLE ONLY public."AspNetUserRoles"
    ADD CONSTRAINT "FK_AspNetUserRoles_AspNetUsers_UserId" FOREIGN KEY ("UserId") REFERENCES public."AspNetUsers"("Id") ON DELETE CASCADE;


--
-- Name: AspNetUserTokens FK_AspNetUserTokens_AspNetUsers_UserId; Type: FK CONSTRAINT; Schema: public; Owner: postgres
--

ALTER TABLE ONLY public."AspNetUserTokens"
    ADD CONSTRAINT "FK_AspNetUserTokens_AspNetUsers_UserId" FOREIGN KEY ("UserId") REFERENCES public."AspNetUsers"("Id") ON DELETE CASCADE;


--
-- Name: Categories FK_Categories_AspNetUsers_UserId; Type: FK CONSTRAINT; Schema: public; Owner: postgres
--

ALTER TABLE ONLY public."Categories"
    ADD CONSTRAINT "FK_Categories_AspNetUsers_UserId" FOREIGN KEY ("UserId") REFERENCES public."AspNetUsers"("Id") ON DELETE CASCADE;


--
-- Name: Transactions FK_Transactions_AspNetUsers_UserId; Type: FK CONSTRAINT; Schema: public; Owner: postgres
--

ALTER TABLE ONLY public."Transactions"
    ADD CONSTRAINT "FK_Transactions_AspNetUsers_UserId" FOREIGN KEY ("UserId") REFERENCES public."AspNetUsers"("Id") ON DELETE CASCADE;


--
-- Name: Transactions FK_Transactions_Categories_CategoryId; Type: FK CONSTRAINT; Schema: public; Owner: postgres
--

ALTER TABLE ONLY public."Transactions"
    ADD CONSTRAINT "FK_Transactions_Categories_CategoryId" FOREIGN KEY ("CategoryId") REFERENCES public."Categories"("CategoryId") ON DELETE CASCADE;


--
-- PostgreSQL database dump complete
--

